{
    "bpc": 0.5427239426672559,
    "perplexity": 4.079957796843537,
    "averaged_nll": 1.406086644451674,
    "total tokens": 68833,
    "total characters": 257279,
    "dataset size": 2009
}