{
    "bpc": 0.7986476459430789,
    "perplexity": 11.721259969933367,
    "averaged_nll": 2.461404284337525,
    "total tokens": 113195,
    "total characters": 503303,
    "dataset size": 16521
}